"pathway","pval","padj","log2err","ES","NES","size","leadingEdge"
"HALLMARK_ALLOGRAFT_REJECTION",0.000165487970553137,0.00827439852765684,0.518848077743792,0.379916073286956,1.56332821106202,190,"TRAT1;CD2;CD3E;TNF;CD3G;RPL3L;STAB1;LY86;LTB;CD3D;CCR5;CD8B;ITK;HLA-DQA1;PRF1;BCAT1;IL2RA;CD96;NCR1;HLA-DOA;CFP;HLA-DMB;LCK;CTSS;CD247;CD8A;CD7;FYB1;FASLG;HLA-DRA;TGFB2;NLRP3;CXCL13;ZAP70;HLA-DOB;SIT1;IL13;CCL7;FCGR2B;CCL5;MMP9;FGR;IL7;CD40;FAS;RPL9;HLA-G;SOCS1;RPL39;IFNGR2;GPR65;CD28;RPS3A;B2M"
"HALLMARK_MITOTIC_SPINDLE",0.00120925594491066,0.0302313986227665,0.45505986738723,-0.41827412329618,-1.51891205971937,199,"BCAR1;FGD4;FGD6;CNTROB;SORBS2;MID1;ARHGEF11;BCR;TIAM1;CCDC88A;LLGL1;ANLN;CENPJ;KIF15;NDC80;CDC42BPA;TTK;KIF4A;CEP72;EPB41L2;CENPE;ITSN1;ECT2;ALMS1;INCENP;DLGAP5;TOP2A;SMC4;KIF11;TBCD;ARHGEF12;ESPL1;DST;PLK1;DOCK4;RAPGEF5;CENPF;PRC1;KIF2C;CEP131;FSCN1;CDK1;KNTC1;TPX2;NUSAP1;SYNPO;BRCA2;NET1;KIF23;NEK2;PKD2;PLEKHG2;TUBGCP5;MAP1S;PDLIM5;RACGAP1;ABR;CKAP5;PCNT;CDC42EP4;ARHGAP5;CDK5RAP2;NCK1;RASAL2;CEP192;KIF20B;NOTCH2;ARHGEF3;ARHGAP10;KIF22;BIRC5;SMC1A;SOS1;ABL1;CD2AP;CCNB2;TUBGCP3;OPHN1;KPTN;ATG4B;DOCK2;AURKA;TUBD1;LMNB1;CLASP1;SASS6;ARHGEF7;FBXO5;RHOT2;DLG1;PREX1;PXN;EPB41;NF1;PPP4R2;ABI1;BUB1;KATNA1;ARFGEF1;RANBP9;WASF1;PAFAH1B1;SAC3D1;NUMA1;TLK1;RABGAP1;RAPGEF6;VCL;WASL;RICTOR;TAOK2;ALS2;TSC1;CDC42EP1;KIF3B;TRIO;NCK2;DYNC1H1;BCL2L11;SPTBN1;KLC1;MAPRE1;LRPPRC;CEP250"
"HALLMARK_E2F_TARGETS",0.00331416767671724,0.0414270959589656,0.431707695803346,-0.40272839020772,-1.46198975196667,198,"TCF19;KIF18B;CDKN1A;TRIP13;PLK4;DIAPH3;AURKB;CIT;SPC24;RRM2;MELK;RFC3;BRCA1;POLE;SPAG5;CDC25A;KIF4A;DCLRE1B;RAD51AP1;MKI67;CENPE;SPC25;POLD1;MMS22L;MYBL2;DLGAP5;RNASEH2A;GINS1;MXD3;TIMELESS;TOP2A;SMC4;CDCA3;CHEK1;PRIM2;DEPDC1;ESPL1;DSCC1;PLK1;ATAD2;CDCA8;MCM7;KIF2C;CDC20;CDK1;GINS3;BRCA2;E2F8;TACC3;POLA2;CDKN3;HELLS;SHMT1;NCAPD2;WDR90;BARD1;CDKN2A;RACGAP1;SUV39H1;PTTG1;ASF1B;MSH2;CCP110;CHEK2;CSE1L;CDC25B;TFRC;NUP205;PDS5B;BUB1B;KIF22;GINS4;BIRC5;EZH2;SMC1A;CCNB2;MCM2;DNMT1;NUP107;ORC6;STAG1;DONSON;RAD51C;PSMC3IP;MLH1;PCNA;HMGB3;AURKA;TK1;CTPS1;CBX5;TMPO;LMNB1;UBE2S;TUBB;PRKDC;LIG1;ING3;POLD2;HMGB2"
"HALLMARK_G2M_CHECKPOINT",0.00320722641108145,0.0414270959589656,0.431707695803346,-0.402008098112087,-1.4535006498139,194,"EGF;PLK4;POLQ;EXO1;AURKB;STIL;POLE;KIF15;NDC80;CDC25A;TTK;KIF4A;RAD54L;TENT4A;FANCC;MKI67;E2F1;CENPE;INCENP;MYBL2;SLC7A5;TOP2A;SMC4;CHEK1;PRIM2;KIF11;CDC45;ESPL1;GINS2;PLK1;CENPF;PRC1;CCNF;TROAP;KIF2C;CDC20;E2F2;KNL1;PBK;CDK1;CHAF1A;TPX2;NUSAP1;CDC6;BRCA2;MAP3K20;KIF23;TACC3;NEK2;CENPA;POLA2;CDKN3;SMC2;BARD1;RACGAP1;SUV39H1;UCK2;MEIS2;TRAIP;CDC7;PTTG1;CCNA2;DMD;RBL1;RASAL2;CDC25B;KIF20B;NOTCH2;NSD2;UBE2C;PDS5B;KIF22;BIRC5;EZH2;SMC1A;ABL1;CCNB2;MCM2;WRN;TNPO2;ORC6;STAG1;E2F3;CASP8AP2;CHMP1A;MT2A;HMGB3;AURKA;SLC12A2;SLC7A1;TMPO;DTYMK;LMNB1;UBE2S;FBXO5;MNAT1;FOXN3;KPNA2;KMT5A;MCM3;BUB1;MCM6;CKS2;NUP50;KATNA1;MAPK14;NUP98;ODF2;PAFAH1B1;NUMA1;CUL1;TLE3;TRA2B;SS18;UPF1;EFNA5;PML;STMN1;CDKN2C;ILF3;MTF2;HMGA1;ORC5;CKS1B;NASP;SAP30;CDC27;DR1;SYNCRIP;SRSF1;CUL4A;EWSR1;YTHDC1;CTCF"
"HALLMARK_OXIDATIVE_PHOSPHORYLATION",0.0222561480267904,0.222561480267904,0.352487857583619,0.310310713000958,1.28219226137868,200,"PDK4;MAOB;NQO2;PDHB;TIMM10;ACADSB;COX7A2L;BCKDHA;ATP6V0E1;SLC25A6;ISCU;CYB5A;MRPS30;HTRA2;ATP6V1G1;MRPL11;OXA1L;TIMM13;NDUFB8;ECHS1;PRDX3;HADHA;NDUFB5;ATP6V0C;NDUFAB1;NDUFA5;UQCRB;ATP6V1F;COX4I1;COX7C;NDUFC2;SLC25A3;SDHB;UQCRFS1;MRPL34;PDHA1;MRPL15;DECR1;MRPL35;ECI1;HCCS;TOMM22;LDHB;SDHC;PHB2;NDUFA7;VDAC2;CYCS;NDUFB2;ATP6V1D;NDUFB3;VDAC1;UQCRH;ATP5PF;ATP5PB;TIMM17A;GPX4;POR;COX17;IDH1;ATP5MC2;COX7A2;NDUFS3;MTRF1;ECH1;ATP6V0B;SURF1;COX5A;ATP5F1A;GLUD1;UQCR10;SDHD;MGST3;BDH2;IMMT;MRPS12;CYB5R3;SLC25A11;ATP5F1C;IDH3G;TIMM9;UQCRC2;VDAC3;ALDH6A1;SLC25A5;ATP5MG;ATP5PD;MRPS15;COX11;DLD;ACAA1;SLC25A20;GOT2;NDUFB6;TOMM70;FH;NDUFA4;ATP5F1D;OAT;COX7B;BAX;PMPCA;ACADVL;ACAA2;NDUFA8;MDH2"
"HALLMARK_MYC_TARGETS_V1",0.0877024167449629,0.730853472874691,0.287805130535564,0.282917998616385,1.16650638517466,195,"U2AF1;DEK;EEF1B2;RPL34;IMPDH2;RPS3;SSB;RPL18;RPL6;RPS6;C1QBP;RACK1;SF3A1;RPS10;NPM1;HNRNPA1;RPS2;MYC;HSP90AB1;RPS5;RPL22;RPLP0;CLNS1A;GLO1;PRDX3;NAP1L1;RPL14;SNRPB2;PCBP1;CCT2;CCT3;NDUFAB1;RSL1D1;MRPL23;HSPD1;CNBP;CCT4;DDX18;APEX1;AIMP2;PTGES3;PSMA4;SSBP1;SLC25A3;MRPL9;EIF1AX;EIF3D;GNL3;SRSF2;ERH;VBP1;NCBP2;SRSF7;CAD;PSMD8;PHB2;RAN;COPS5;SNRPD3;PSMA2;ABCE1;PSMA1;SET;VDAC1;ACP1;EXOSC7;SERBP1;HSPE1;UBE2L3;LSM7;EIF4A1;TCP1;AP3S1;EIF2S2;LSM2;SNRPD1;ILF2;SNRPA1;COX5A;PSMA6;SNRPD2;SRSF3;DDX21;STARD7;PRDX4;UBA2;CDK4;PWP1;VDAC3;BUB3;PABPC4;EIF3B;HNRNPU;PABPC1;PRPF31;GOT2;RANBP1;XRCC6;PPIA;PSMC6;G3BP1;SNRPA;TOMM70;PSMD7;HNRNPA3"
"HALLMARK_ADIPOGENESIS",1,1,0.0228693972350018,-0.135610276023184,-0.492452370828669,199,"REEP6;ACADL;ME1;ADIG;FABP4;C3;ADCY6;SULT1A1;ABCA1;GPX3;LTC4S;DNAJC15;SLC25A10;SCARB1;SNCG;MRAP;ITSN1;SORBS1;GPD2;GPAT4;GPHN;BCL6;EPHX2;GPAM;RREB1;RETN;CIDEA"
"HALLMARK_ANDROGEN_RESPONSE",0.951153324287653,1,0.0298484971250709,-0.215426722715759,-0.723487716428805,99,"STEAP4;GUCY1A1;AZGP1;KLK3;SPDEF;BMPR1B;MAP7;HOMER2;ITGAV;INSIG1;STK39;RRP12;SLC38A2;ELL2;ABHD2"
"HALLMARK_ANGIOGENESIS",0.241001564945227,1,0.107140237276725,-0.410691479339681,-1.16472956037672,36,"KCNJ8;SLCO2A1;PF4;OLR1;SERPINA5;VTN;JAG2;PGLYRP1;CCND2;VAV2;ITGAV;TNFRSF21;MSX1"
"HALLMARK_APICAL_JUNCTION",0.959390862944162,1,0.0259735747969448,-0.208316457640534,-0.752268814641712,193,"LAMA3;CLDN18;CLDN4;CLDN6;VCAM1;EVL;CDH8;CDH6;ACTN2;KCNH2;GRB7;CALB2;ACTN3;NFASC;BMP1;ITGB4;PIK3R3;CDH3;LAYN;COL17A1;LIMA1;TNFRSF11B;VAV2;CD274;EPB41L2;CLDN7;THBS3;ADAMTS5;PECAM1;ADRA1B;INSIG1;TRO;CNTN1;NLGN2;FSCN1;CLDN15;MAP3K20;CLDN11"
"HALLMARK_APICAL_SURFACE",0.919402985074627,1,0.0684714904492087,0.232212303961263,0.75826488704922,42,"GATA3;ATP6V0A4;SCUBE1;CRYBG1;CD160;GSTM3;CX3CL1;SLC2A4;MAL;ATP8B1"
"HALLMARK_APOPTOSIS",1,1,0.0822054920415869,0.167758773200425,0.680306521787671,159,"CD2;TNF;GSTM1;PRF1;IFNB1;EGR3;IL1A;FASLG;TGFB2;PEA15;BIK;SATB1;HMOX1;GNA15;PMAIP1;FAS;LGALS3;RHOB;SC5D;PLCB2;RARA;GADD45B"
"HALLMARK_BILE_ACID_METABOLISM",1,1,0.0266052822097738,-0.161007259778799,-0.548126636547008,108,"TTR;NR1H4;ABCA4;RXRA;GC;ABCA1;AR;SLCO1A2;ABCG8;ATXN1;ABCA6;ALDH8A1;CYP7B1;ABCA9;HSD3B7;EPHX2;SLC23A2"
"HALLMARK_CHOLESTEROL_HOMEOSTASIS",1,1,0.0304894126298511,-0.112019638510902,-0.358743272141604,74,"MAL2;CLU;GLDC;ACSS2;CPEB2;AVPR1A;ANXA13;ALCAM;ERRFI1;LPL;PLSCR1;TMEM97;JAG1;CBS;PCYT2;MVK;TRIB3;EBP;CHKA;SCD;NFIL3;SEMA3B;FADS2;CXCL16;GUSB;ANTXR2;CTNNB1;SREBF2"
"HALLMARK_COAGULATION",0.193798449612403,1,0.199915231309662,0.28084526886161,1.11575980409184,134,"C9;MEP1A;MMP15;F11;COMP;MMP7;GP9;APOC2;ACOX2;APOA1;PROC;DPP4;CD9;CTSE;RGN;ITGB3;THBD;A2M;ITIH1;F12;GDA;RAPGEF3;HNF4A;CFB;SERPING1;S100A1;MMP9;TMPRSS6"
"HALLMARK_COMPLEMENT",0.995073891625616,1,0.0908241419007155,0.183641380128783,0.760229286006071,198,"C9;S100A12;CR1;MMP15;GATA3;KLK1;GP9;SCG3;DGKG;C4BPB;S100A9;DPP4;LCK;CTSS"
"HALLMARK_DNA_REPAIR",1,1,0.0252712808055621,-0.0983273306797554,-0.34588401528909,149,"CMPK2;ADCY6;TYMS;RFC3;POLA1;NPR2;RRM2B;DDB2;ZNF707;POLD1;DGCR8;RAD51;RFC4;NFX1"
"HALLMARK_EPITHELIAL_MESENCHYMAL_TRANSITION",0.99252801992528,1,0.0230827802358481,-0.19006089950992,-0.690790161857084,200,"MMP3;LAMA3;VCAM1;PRSS2;SGCD;CDH6;CXCL12;LAMA1;CRLF1;GEM;PTHLH;IL6;COL8A2;BMP1;FGF2;PRRX1;MFAP5;WNT5A;COL1A2;TNFRSF11B;FBLN1;ECM1;FZD8;IL15;ITGAV;SNAI2;DST;ACTA2;CXCL8;MSX1;MCM7;FAP;HTRA1;TNC;COL5A1;ECM2;COLGALT1;FOXC2"
"HALLMARK_ESTROGEN_RESPONSE_EARLY",0.474937343358396,1,0.0584693210386381,-0.275100030291466,-0.997451298161477,195,"GFRA1;INHBB;KCNK15;TFF3;TUBB2B;MPPED2;DHRS3;SLC24A3;CXCL12;ZNF185;SLC7A2;PTGES;SYNGR1;RAB17;CBFA2T3;CALB2;LRIG1;CALCR;CLIC3;SYBU;FRK;AR;TIAM1;PDLIM3;ELOVL2;SCNN1A;SCARB1;GAB2;MYBL1;ADCY9;KRT18;NRIP1;CLDN7;SLC7A5;WWC1;NCOR2;KDM4B;RRP12;ANXA9;TFAP2C;SNX24;KRT15;ELF3;ABHD2;PODXL;SVIL"
"HALLMARK_ESTROGEN_RESPONSE_LATE",0.967289719626168,1,0.0894366833718621,0.197567979077845,0.818099845840458,193,"OLFM1;TMPRSS3;SERPINA3;CISH;SCUBE2;KCNK5;ACOX2;CELSR2;SULT2B1;GPER1;CCN5;FGFR3;S100A9;CD9;KLK11;EGR3;TPSAB1;HR;EMP2;IL17RB;TOB1;TJP3;KRT19;FOXC1;RET;PTGER3;BATF;LAMC2;NMU;CYP26B1"
"HALLMARK_FATTY_ACID_METABOLISM",1,1,0.024919740580511,-0.157089501076861,-0.553444930326117,152,"GAD2;GAPDHS;REEP6;ACADL;ME1;FMO1;CD1D;TDO2;BMPR1B;FABP2;LTC4S;AOC3;CRYZ"
"HALLMARK_GLYCOLYSIS",1,1,0.0235084845013289,-0.163279193357056,-0.590662470364705,197,"GAL3ST1;TFF3;PKP2;ARTN;GAPDHS;DSC2;ME1;DPYSL4;PGAM2;GPR87;HOMER1;PPFIA4;PAM;SLC25A10;LDHC;XYLT2;ABCB6;ALDH7A1;GNE;DEPDC1;CHST1;FUT8;TGFA;CDK1;GLCE;HS2ST1;ELF3;COL5A1;PFKFB1"
"HALLMARK_HEDGEHOG_SIGNALING",0.853994490358127,1,0.0681513438679483,0.239808409204328,0.768459542421261,36,"NKX6-1;SHH;ADGRG1;GLI1;TLE1;VLDLR;SCG2;CELSR1"
"HALLMARK_HEME_METABOLISM",1,1,0.0237208606775806,-0.142833722363279,-0.515798685471598,193,"EPB42;RHAG;TRIM10;RAP1GAP;HBQ1;TRIM58;GATA1;C3;HBD;SNCA;HBB;MYL4;IGSF3;XK;OSBP2;MOCOS;CA2;ABCB6;CA1;SLC30A1;ARHGEF12"
"HALLMARK_HYPOXIA",1,1,0.0905428948469474,0.143782318992933,0.595222763146521,198,"PPARGC1A;SULT2B1;CDKN1C;CCN5;BCAN;PGF;GPC3;SLC2A5;GCK;EFNA1;IGFBP1;SDC3;RRAGD;KIF5A;NCAN;GPC4;HMOX1;ACKR3;DDIT4;BTG1;CXCR4;CP;VLDLR;TNFAIP3;DUSP1;S100A4;SDC2;PLAC8;PFKFB3"
"HALLMARK_IL2_STAT5_SIGNALING",0.985221674876847,1,0.0913924325943768,0.192688942281527,0.797683925644765,198,"CCR4;LTB;EOMES;CISH;PENK;HOPX;ITIH5;MAP6;ICOS;IL2RA;CDKN1C;IL1RL1;CTLA4;SYT11;SELL;CD48;SELP;RRAGD;SOCS2;TNFRSF9;IL13;CD83;S100A1;SYNGR2;SMPDL3A;BATF;SOCS1;BATF3;GPR65;RNH1;RHOB;TRAF1;GADD45B;CCND3;PTGER2;ITGAE;AHR;CAPG"
"HALLMARK_IL6_JAK_STAT3_SIGNALING",0.805555555555556,1,0.083129129135339,0.228044970894293,0.85208700118169,85,"TNF;LTB;IL2RA;CXCL11;CD9;ACVRL1;EBI3;ITGB3;CXCL13;A2M;IL17RB;CCL7;DNTT;HMOX1;IL7;FAS;SOCS1;IFNGR2"
"HALLMARK_INFLAMMATORY_RESPONSE",0.701421800947867,1,0.109684061970549,0.224001951892864,0.931688986000823,197,"LAMP3;IL7R;STAB1;MEP1A;KCNMB2;NPFFR2;FPR1;OSM;P2RY2;PROK2;CXCL11;CCR7;GPC3;LCK;LTA;SELL;CD48;EBI3;IL1A;C5AR1;SLC1A2;ITGB3;IFITM1;SCN1B;PDPN;NLRP3;NMI;TNFRSF9;AQP9;TNFSF9;ADGRE1;CCL7;PTGER4;CCL5;GNA15;CD40;IRAK2;IFNGR2;C3AR1;PTGIR;CX3CL1;CD82;LCP2;PTGER2;LY6E;HRH1;CD55;AHR;HPN;CYBB;SLAMF1;KCNA3;CXCL9"
"HALLMARK_INTERFERON_ALPHA_RESPONSE",0.188888888888889,1,0.197822021315103,0.295287887730362,1.12244460457583,96,"LAMP3;RSAD2;IFITM2;CXCL11;SELL;IFITM1;DDX60;HLA-C;NMI;UBE2L6;TRIM21;IL7;IFI44;IFI44L;SAMD9;B2M;LY6E;LGALS3BP;TMEM140;GBP2;PROCR;HERC6;CXCL10;PSMB9;LPAR6;CD74;IFI30;PSME1;TRIM5;NUB1;ISG20;IFITM3;CASP1;GMPR;CSF1;TRIM25;IFI35;ISG15"
"HALLMARK_INTERFERON_GAMMA_RESPONSE",0.989911727616646,1,0.0239329549624917,-0.192807987908381,-0.697980078421044,196,"IFIT2;PTGS2;CMKLR1;SECTM1;VCAM1;IFIT1;MX2;GBP6;GZMA;CMPK2;PLA2G4A;IL6;C1R;MX1;LYSMD2;CDKN1A;AUTS2;CD38;IFIT3;RNF213;CD274;IL15;DHX58;NUP93;LATS2;OASL"
"HALLMARK_KRAS_SIGNALING_DN",0.36697247706422,1,0.155241966228839,0.252063096505405,1.02769700856899,176,"KCNE2;KLHDC8A;ATP4A;SCN10A;RSAD2;ALOX12B;NTF3;TEX15;VPREB1;CLDN16;CKM;YBX2;PAX3;STAG3;GPRC5C;ABCG4;CELSR2;PDCD1;FGFR3;PROP1;THNSL2;ATP6V1B1;SNCB;ZNF112;CCR8;TCL1A;TGFB2;NGB"
"HALLMARK_KRAS_SIGNALING_UP",0.793931731984829,1,0.0351652290409302,-0.239273387476402,-0.865571462190444,197,"MALL;GUCY1A1;PTGS2;CMKLR1;PIGR;PPBP;CSF2RA;GABRA3;ALDH1A2;EPB41L3;NR1H4;BMP2;BTC;CSF2;TLR8;F13A1;ADGRA2;BTBD3;FLT4;TSPAN7;FCER1G;TMEM176B;TPH1;TSPAN1;RELN;MAP7;PRRX1;HBEGF;VWA5A;CCND2;APOD;ANXA10;PECAM1;CA2;PLVAP;DUSP6;ETV5;PLEK2;CCSER2;SCG5"
"HALLMARK_MTORC1_SIGNALING",1,1,0.0883594442500905,0.103414533139606,0.430130990843646,197,"BCAT1;CFP;CD9;NIBAN1;DDIT4;RIT1;CXCR4;SEC11A;VLDLR;LGMN;SC5D;CORO1A;MTHFD2;SHMT2;DAPP1;IDI1;UNG;PPP1R15A;HSP90B1;IFI30;HSPA4;NFKBIB;SERP1;PPA1;UFM1;ABCF2;LTA4H;DDIT3;HSPD1;SLA;PSAT1;CYP51A1;MLLT11;PSMA4;LDLR;MAP2K3;SLC37A4;HMGCR;PSMB5;COPS5;ARPC5L;ATP6V1D;PSPH;HSPE1;PRDX1;PNP;GMPS;IDH1;M6PR;ACTR2;GTF2H1;POLR3G;EIF2S2;PSMD12;G6PD;PNO1;CCNG1;SLC2A3;PDAP1;HSPA5;SERPINH1;HMBS;ALDOA;CCT6A;PSMA3;IMMT;TES;SLC1A5;PSME3;STIP1;ACLY;SORD;BTG2;GLRX;PPIA;PSMC6;CACYBP;DHCR7;CALR;SQLE;TM7SF2;TPI1;RDH11;TCEA1;PGK1;SRD5A1;GAPDH;ENO1;UBE2D3;PGM1;PSMD13;FADS1;ERO1A;PSMC2;EEF1E1;STC1;CANX;ITGB2;HPRT1;HMGCS1;QDPR;RRP9;PSMC4;MCM4;DDX39A;CYB5B;ATP5MC1;ETF1;UCHL5;GOT1;NAMPT;RAB1A;SDF2L1;TXNRD1;SSR1;HSPA9;TBK1;RPA1;ACTR3;DHCR24;USO1;PHGDH;P4HA1;LDHA;PITPNB;STARD4;PLOD2;GCLC;ADD3;SKAP2;RPN1;IFRD1;NUFIP1;PSMG1;MTHFD2L;FGL2;SLC2A1;BHLHE40;TUBA4A;GSR;EDEM1;PFKL;XBP1;ACACA;GBE1;ASNS;ATP2A2;TOMM40;FADS2;TUBG1;YKT6;BUB1;NMT1;EGLN3;NFIL3;SCD;FKBP2;SQSTM1;GGA2;EBP;TRIB3;GPI;GLA;PSMD14;FDXR;SLC1A4;AURKA;ELOVL5;DHFR;NUPR1;GSK3B;TMEM97;CTSC;MCM2;NFYC;PDK1;ELOVL6;ACSL3;NUP205;HK2;TFRC;CTH;SLC7A11;ADIPOR2;AK4"
"HALLMARK_MYC_TARGETS_V2",0.995645863570392,1,0.030918431706181,-0.191404827335033,-0.591283840009069,57,"MAP3K6;PLK4;SLC29A2;RRP12;PLK1;HK2;IPO4;TMEM97;TCOF1;NOP16;RCL1;PES1;NOP56;LAS1L;PPRC1;PUS1;SLC19A1;SUPV3L1;PPAN;CBX3;MRTO4;PRMT3;SRM;RABEPK;MCM4;WDR43;FARSA;MYBBP1A;RRP9;NOC4L;NOLC1;UTP20;BYSL;WDR74;MCM5;DCTPP1;PA2G4;SORD;CDK4;NDUFAF4;HSPE1;NOP2;MPHOSPH10;GNL3;TBRG4;IMP4;AIMP2;DUSP2;DDX18;NIP7;HSPD1;UNG;TFB2M;GRWD1;MYC;NPM1;EXOSC5"
"HALLMARK_MYOGENESIS",0.362609786700125,1,0.0716527366829457,-0.288832162717105,-1.0449522347346,192,"BDKRB2;CACNG1;MYL3;SGCD;EPHB3;CASQ2;SOD3;ACTN2;CKB;TNNT3;ANKRD2;KCNH2;PYGM;SLN;ACTN3;SPDEF;TNNT1;PVALB;TNNI1;ITGB4;CLU;CAMK2B;CDKN1A;PGAM2;FGF2;MYL4;GPX3;CRYAB;PPFIA4;VIPR1;HBEGF;NCAM1;DMPK;KCNH1;MYH3;CSRP3;ADCY9;APOD;FKBP1B;DTNA;TNNC1;SCHIP1;CHRNG;SORBS1;PTP4A3;PDLIM7;PSEN2;KLF5;MYH8;ERBB3"
"HALLMARK_NOTCH_SIGNALING",0.959627329192547,1,0.0359208664409425,-0.235711735237272,-0.656412992739663,32,"NOTCH3;HEYL;ARRB1;MAML2;FZD7;WNT5A;DLL1;PSEN2"
"HALLMARK_P53_PATHWAY",1,1,0.0235084845013289,-0.168059441259812,-0.607635787004445,194,"INHBB;FGF13;TCHH;BMP2;PLK2;RXRA;TNNI1;CDKN2B;JAG2;ITGB4;OSGIN1;CDKN1A;CEBPA;HBEGF;VWA5A;PHLDA3;CCND2;PVT1;MDM2;DDB2"
"HALLMARK_PANCREAS_BETA_CELLS",0.776859504132231,1,0.0728938564822936,0.268145276677863,0.828812274684836,31,"NKX6-1;NEUROG3;DPP4;GCK;LMO2;PCSK2"
"HALLMARK_PEROXISOME",1,1,0.0268158762373842,-0.160731136413498,-0.543232571140713,103,"TTR;SCGB1A1;DHRS3"
"HALLMARK_PI3K_AKT_MTOR_SIGNALING",0.58029689608637,1,0.0525898950623616,-0.275888877813419,-0.935237837546966,105,"FGF17;FGF6;IL4;VAV3;FGF22;CDKN1A;TIAM1;PIK3R3;CAMK4;ITPR2;E2F1;PRKCB;CDK1;RPTOR;MAP2K6;TNFRSF1A;ADCY2;GNGT1"
"HALLMARK_PROTEIN_SECRETION",0.949453551912568,1,0.0302754424728262,-0.220485820221579,-0.736528643085386,96,"SH3GL2;ABCA1;PAM;TSPAN8;KRT18;DST;STAM;CAV2;SCRN1;SSPN;ICA1;AP1G1;CTSC;GBF1;DOP1A;ARFGEF2;GLA;IGF2R;ADAM10;COG2;YKT6;VPS45;ARFGEF1;TPD52;ATP7A;MON2;ATP6V1H;AP3B1;SGMS1;COPE;MAPK1;GNAS;CLCN3;ZW10;SCAMP1;SEC24D;LAMP2;AP2B1;DNM1L;SEC31A;RAB9A;ATP1A1;RAB22A;STX16;USO1;STX7;CLTC"
"HALLMARK_REACTIVE_OXYGEN_SPECIES_PATHWAY",0.996865203761755,1,0.0668966276500666,0.161327021439846,0.539819597973353,49,"SRXN1;FES;PRNP;HHEX;LAMTOR5;FTL;TXN;GCLM;STK25;EGLN2;PRDX6;PRDX1;GPX4;G6PD;SELENOS;PRDX4;NQO1;JUNB;LSP1;GLRX2;GLRX;OXSR1;SOD1;HMOX2;ATOX1;PFKP;MGST1;PRDX2;PDLIM1;NDUFS2;CDKN2D;NDUFB4;TXNRD1;CAT;GCLC;MBP;SCAF4;SOD2;MSRA;IPCEF1;GSR;PTPA;ERCC2;SBNO2;TXNRD2;ABCC1;NDUFA6"
"HALLMARK_SPERMATOGENESIS",0.914093959731544,1,0.0312771255290148,-0.225126922906619,-0.768530896153792,113,"GAD1;ELOVL3;GAPDHS;TEKT2;TCP11;CCNA1;DMRT1;DCC;PACRG;GFI1;CFTR;MAP7;CAMK4;ACRV1;TTK;TLE4;LDHC;NCAPH;SYCP1;CNIH2;KIF2C;SCG5;RFC4;CDK1;PIAS2;DMC1;RPL39L;NEK2;DPEP3"
"HALLMARK_TGF_BETA_SIGNALING",1,1,0.0305608138615649,-0.173098122571712,-0.531133484434694,54,"SLC20A1;BMP2;SMAD1;SMAD6;ID3;NCOR2;ID1;TJP1;SKI;THBS1;BCAR3;WWTR1;ACVR1;BMPR2"
"HALLMARK_TNFA_SIGNALING_VIA_NFKB",0.98125,1,0.0239329549624917,-0.200119923700281,-0.726711380333801,199,"IFIT2;PTGS2;IL12B;TUBB2A;OLR1;BMP2;EGR2;CSF2;GEM;PLK2;NR4A1;IL6;FJX1;ABCA1;EGR1;CDKN1A;B4GALT5;SNN;SPSB1;NR4A3"
"HALLMARK_UNFOLDED_PROTEIN_RESPONSE",1,1,0.0789209638180035,0.132529205015906,0.50873442510934,109,"IGFBP1;DNAJA4;DDIT4;SEC11A;RPS14;EXOSC5;CEBPB;MTHFD2;NPM1;IMP3;SPCS1;DNAJB9;HSP90B1;EXOSC9;SERP1;EIF4A2;KDELR3;CCL2;SRPRA;YWHAZ;PSAT1;EEF2;EIF4EBP1;YIF1A;LSM1;HERPUD1;EXOSC2;PDIA6;EIF4A3;BANF1;PAIP1;POP4;EIF4A1;SPCS3;LSM4;HSPA5;ATF4;EXOSC1;SRPRB;EXOSC4;CALR;NOP14;EIF4E;NHP2;ATP6V0D1;NFYB;DKC1;NOLC1;GEMIN4;ERO1A;SDAD1;PREB;WIPI1;KHSRP;KIF5B;DCTN1;CHAC1;DCP1A;RRP9;NABP1;GOSR2;FUS;DCP2;SSR1;HSPA9;ALDH18A1;SHC1;ATF3;MTREX;EIF2S1;TATDN2;CNOT2;DNAJC3;EDC4;SEC31A;SLC30A5;CXXC1;CNOT4;CKS1B;PDIA5;EDEM1;CEBPG;FKBP14;EIF4G1;XBP1;XPOT;ERN1;EIF2AK3;TSPYL2;ZBTB17;VEGFA;ASNS;NFYA;NOP56;ATF6;HYOU1;CNOT6;EXOSC10;STC2;DDX10;EXOC2;SLC1A4;PARN;ARFGAP1"
"HALLMARK_UV_RESPONSE_DN",0.998682476943347,1,0.0258331720982323,-0.180071747314297,-0.631047379246219,144,"RUNX1;RXRA;KIT;PRKAR2B;PIK3R3;SYNJ2;ATXN1;CDC42BPA;ADGRL2;FYN;COL1A2;TENT4A;VAV2;ERBB2;IGFBP5;SCN8A;CDON;SNAI2;INSIG1;SCHIP1;TGFBR2;ID1;SFMBT1;PLPP3;NR1D2;PTGFR;NFIB;TJP1;PDLIM5;NOTCH2;ICA1;ABCC1;DYRK1A;AKT3;MAP2K5;GRK5;LPAR1;COL1A1;PEX14;LAMC1;SCAF8;BCKDHB;ATP2C1;DDAH1;BMPR1A;MT1E;SLC7A1;MTA1;NEK7;WDR37;RGS4;DLG1;ZMIZ1;FBLN5;MAGI2;ATP2B4;ATP2B1;PRKCA;SYNE1;APBB2;CAP2;MMP16;MAPK14;F3;MIOS;SIPA1L1;PLCB4;RBPMS"
"HALLMARK_UV_RESPONSE_UP",0.577172503242542,1,0.051011413203915,-0.270999597553264,-0.955275550177232,154,"MAPK8IP2;HTR7;TCHH;BMP2;NPTX2;LHX2;TYRO3;TACR3;FMO1;NR4A1;KCNH2;SLC6A12;IL6;SULT1A1;CDKN2B;NTRK3;CHRNA5;PTPRD;PDLIM3;GPX3"
"HALLMARK_WNT_BETA_CATENIN_SIGNALING",0.95352323838081,1,0.034566432206351,-0.223327197161031,-0.660785324664092,42,"JAG2;LEF1;WNT1;HEY2;CCND2;PTCH1;FZD8;NCOR2;DLL1;PSEN2;ADAM17"
"HALLMARK_XENOBIOTIC_METABOLISM",0.995,1,0.0916795246008379,0.183579764040915,0.752643935099509,189,"PDK4;F11;CYP2S1;MAOA;ATOH8;CYP2C18;TAT;NDRG2;ALDH3A1;ACOX2;BCAT1;SMOX;GSTA3;ANGPTL3;CYP1A1;IGFBP1;TYR;TGFB2;GCKR;CDO1;ITIH1"
